asn1,asn2,rel_x,asn1RIR,asn2RIR,rel_y
57,14763,p2c,ARIN,ARIN,p2p
57,17234,p2c,ARIN,ARIN,p2p
57,21727,p2c,ARIN,ARIN,p2p
57,21951,p2c,ARIN,ARIN,p2p
57,26557,p2c,ARIN,ARIN,p2p
57,33692,p2c,ARIN,ARIN,p2p
174,559,p2p,ARIN,ARIN,p2c
174,2200,p2p,ARIN,ARIN,p2c
174,4837,p2c,ARIN,APNIC,p2p
174,6315,p2c,ARIN,ARIN,p2p
174,7219,p2p,ARIN,ARIN,p2c
174,7341,p2c,ARIN,ARIN,p2p
174,7385,p2c,ARIN,ARIN,p2p
174,7738,p2c,ARIN,ARIN,p2p
174,7843,p2p,ARIN,ARIN,p2c
174,8966,p2p,ARIN,RIPE,p2c
174,12181,p2c,ARIN,ARIN,p2p
174,12731,p2p,ARIN,RIPE,p2c
174,13249,p2p,ARIN,RIPE,p2c
174,13649,p2p,ARIN,ARIN,p2c
174,13711,p2c,ARIN,ARIN,p2p
174,13825,p2p,ARIN,ARIN,p2c
174,15704,p2c,ARIN,RIPE,p2p
174,16164,p2c,ARIN,RIPE,p2p
174,16276,p2p,ARIN,RIPE,p2c
174,16347,p2c,ARIN,RIPE,p2p
174,19082,p2c,ARIN,ARIN,p2p
174,20857,p2p,ARIN,RIPE,p2c
174,21219,p2p,ARIN,RIPE,p2c
174,21263,p2p,ARIN,RIPE,p2c
174,21949,p2p,ARIN,ARIN,p2c
174,22781,p2p,ARIN,ARIN,p2c
174,22795,p2c,ARIN,ARIN,p2p
174,23127,p2p,ARIN,ARIN,p2c
174,24679,p2c,ARIN,RIPE,p2p
174,24720,p2c,ARIN,RIPE,p2p
174,24867,p2c,ARIN,RIPE,p2p
174,25180,p2p,ARIN,RIPE,p2c
174,25369,p2p,ARIN,RIPE,p2c
174,26962,p2c,ARIN,ARIN,p2p
174,28716,p2p,ARIN,RIPE,p2c
174,29075,p2c,ARIN,RIPE,p2p
174,29518,p2c,ARIN,RIPE,p2p
174,31252,p2p,ARIN,RIPE,p2c
174,31577,p2p,ARIN,RIPE,p2c
174,32308,p2c,ARIN,ARIN,p2p
174,32621,p2c,ARIN,ARIN,p2p
174,32899,p2p,ARIN,ARIN,p2c
174,33915,p2c,ARIN,RIPE,p2p
174,34270,p2c,ARIN,RIPE,p2p
174,35916,p2c,ARIN,ARIN,p2p
174,36443,p2p,ARIN,ARIN,p2c
174,39392,p2p,ARIN,RIPE,p2c
174,39651,p2p,ARIN,RIPE,p2c
174,39964,p2c,ARIN,ARIN,p2p
174,40702,p2p,ARIN,ARIN,p2c
174,40788,p2c,ARIN,ARIN,p2p
174,42633,p2c,ARIN,RIPE,p2p
174,43338,p2c,ARIN,RIPE,p2p
174,46195,p2c,ARIN,ARIN,p2p
174,47408,p2c,ARIN,RIPE,p2p
174,47544,p2p,ARIN,RIPE,p2c
174,50411,p2c,ARIN,RIPE,p2p
174,51399,p2p,ARIN,RIPE,p2c
174,54961,p2c,ARIN,ARIN,p2p
174,55286,p2p,ARIN,ARIN,p2c
174,197056,p2c,ARIN,RIPE ,p2p
174,197133,p2c,ARIN,RIPE ,p2p
209,13951,p2c,ARIN,ARIN,p2p
209,17444,p2c,ARIN,APNIC,p2p
209,26133,p2c,ARIN,ARIN,p2p
209,35181,p2p,ARIN,RIPE,p2c
260,22363,p2p,ARIN,ARIN,p2c
278,28550,p2p,ARIN,LACNIC,p2c
286,8403,p2p,ARIN,RIPE,p2c
286,8897,p2c,ARIN,RIPE,p2p
286,13005,p2c,ARIN,RIPE,p2p
286,25220,p2c,ARIN,RIPE,p2p
286,42004,p2c,ARIN,RIPE,p2p
286,43350,p2c,ARIN,RIPE,p2p
286,47541,p2p,ARIN,RIPE,p2c
286,47872,p2c,ARIN,RIPE,p2p
293,513,p2p,ARIN,ARIN,p2c
293,3425,p2p,ARIN,ARIN,p2c
306,307,p2p,ARIN,ARIN,p2c
306,316,p2p,ARIN,ARIN,p2c
306,317,p2p,ARIN,ARIN,p2c
306,319,p2p,ARIN,ARIN,p2c
306,320,p2p,ARIN,ARIN,p2c
306,321,p2p,ARIN,ARIN,p2c
306,322,p2p,ARIN,ARIN,p2c
306,323,p2p,ARIN,ARIN,p2c
306,324,p2p,ARIN,ARIN,p2c
306,325,p2p,ARIN,ARIN,p2c
306,326,p2p,ARIN,ARIN,p2c
306,328,p2p,ARIN,ARIN,p2c
306,331,p2p,ARIN,ARIN,p2c
306,332,p2p,ARIN,ARIN,p2c
306,334,p2p,ARIN,ARIN,p2c
306,335,p2p,ARIN,ARIN,p2c
306,337,p2p,ARIN,ARIN,p2c
306,338,p2p,ARIN,ARIN,p2c
306,339,p2p,ARIN,ARIN,p2c
306,340,p2p,ARIN,ARIN,p2c
306,341,p2p,ARIN,ARIN,p2c
306,342,p2p,ARIN,ARIN,p2c
306,343,p2p,ARIN,ARIN,p2c
306,346,p2p,ARIN,ARIN,p2c
306,347,p2p,ARIN,ARIN,p2c
306,348,p2p,ARIN,ARIN,p2c
306,349,p2p,ARIN,ARIN,p2c
306,350,p2p,ARIN,ARIN,p2c
306,351,p2p,ARIN,ARIN,p2c
306,352,p2p,ARIN,ARIN,p2c
306,353,p2p,ARIN,ARIN,p2c
306,355,p2p,ARIN,ARIN,p2c
306,356,p2p,ARIN,ARIN,p2c
306,357,p2p,ARIN,ARIN,p2c
306,360,p2p,ARIN,ARIN,p2c
306,361,p2p,ARIN,ARIN,p2c
306,362,p2p,ARIN,ARIN,p2c
306,364,p2p,ARIN,ARIN,p2c
306,365,p2p,ARIN,ARIN,p2c
306,366,p2p,ARIN,ARIN,p2c
306,368,p2p,ARIN,ARIN,p2c
306,369,p2p,ARIN,ARIN,p2c
306,370,p2p,ARIN,ARIN,p2c
306,371,p2p,ARIN,ARIN,p2c
306,575,p2c,ARIN,ARIN,p2p
553,2857,p2c,ARIN,RIPE,p2p
553,12480,p2p,ARIN,RIPE,p2c
701,1273,p2p,ARIN,ARIN,p2c
701,6507,p2p,ARIN,ARIN,p2c
701,7342,p2p,ARIN,ARIN,p2c
701,14717,p2c,ARIN,ARIN,p2p
701,16524,p2c,ARIN,ARIN,p2p
701,17151,p2c,ARIN,ARIN,p2p
701,22438,p2p,ARIN,ARIN,p2c
703,23148,p2p,ARIN,ARIN,p2c
852,54182,p2p,ARIN,ARIN,p2c
1221,2687,p2p,ARIN,ARIN,p2c
1221,4826,p2p,ARIN,APNIC,p2c
1221,7543,p2p,ARIN,APNIC,p2c
1221,7575,p2p,ARIN,APNIC,p2c
1221,8075,p2p,ARIN,ARIN,p2c
1221,9426,p2p,ARIN,APNIC,p2c
1221,14294,p2p,ARIN,ARIN,p2c
1221,15133,p2p,ARIN,ARIN,p2c
1221,32934,p2p,ARIN,ARIN,p2c
1221,38172,p2c,ARIN,APNIC,p2p
1221,38561,p2p,ARIN,APNIC,p2c
1221,38622,p2p,ARIN,APNIC,p2c
1221,41264,p2p,ARIN,RIPE,p2c
1221,133144,p2p,ARIN,APNIC,p2c
1221,133853,p2p,ARIN,APNIC,p2c
1239,10594,p2c,ARIN,ARIN,p2p
1273,5400,p2c,ARIN,RIPE,p2p
1273,15169,p2p,ARIN,ARIN,p2c
1273,32787,p2p,ARIN,ARIN,p2c
1273,33915,p2c,ARIN,RIPE,p2p
1273,59253,p2c,ARIN,APNIC,p2p
1280,394070,p2c,ARIN,ARIN,p2p
1290,25180,p2p,ARIN,RIPE,p2c
1299,2906,p2c,ARIN,ARIN,p2p
1299,4637,p2p,ARIN,APNIC,p2c
1299,4766,p2c,ARIN,APNIC,p2p
1299,5580,p2c,ARIN,RIPE,p2p
1299,6910,p2p,ARIN,RIPE,p2c
1299,7219,p2c,ARIN,ARIN,p2p
1299,7843,p2p,ARIN,ARIN,p2c
1299,9150,p2p,ARIN,RIPE,p2c
1299,12961,p2c,ARIN,RIPE,p2p
1299,15935,p2p,ARIN,RIPE,p2c
1299,15958,p2c,ARIN,RIPE,p2p
1299,16342,p2p,ARIN,RIPE,p2c
1299,22822,p2p,ARIN,ARIN,p2c
1299,25189,p2p,ARIN,RIPE,p2c
1299,29244,p2c,ARIN,RIPE,p2p
1299,36734,p2p,ARIN,ARIN,p2c
1299,42377,p2p,ARIN,RIPE,p2c
1299,42841,p2p,ARIN,RIPE,p2c
1299,42988,p2p,ARIN,RIPE,p2c
1299,59492,p2p,ARIN,RIPE,p2c
1299,60294,p2c,ARIN,RIPE,p2p
1351,11577,p2c,ARIN,ARIN,p2p
1351,16384,p2c,ARIN,ARIN,p2p
1351,26385,p2c,ARIN,ARIN,p2p
1351,33604,p2c,ARIN,ARIN,p2p
1351,54257,p2c,ARIN,ARIN,p2p
1351,62736,p2c,ARIN,ARIN,p2p
1351,63276,p2c,ARIN,ARIN,p2p
1554,1555,p2p,ARIN,ARIN,p2c
1554,1556,p2p,ARIN,ARIN,p2c
1554,1559,p2p,ARIN,ARIN,p2c
1554,1562,p2p,ARIN,ARIN,p2c
1554,1563,p2p,ARIN,ARIN,p2c
1554,1565,p2p,ARIN,ARIN,p2c
1554,1567,p2p,ARIN,ARIN,p2c
1554,1568,p2p,ARIN,ARIN,p2c
1554,1569,p2p,ARIN,ARIN,p2c
1554,1580,p2p,ARIN,ARIN,p2c
1554,1585,p2p,ARIN,ARIN,p2c
1554,1586,p2p,ARIN,ARIN,p2c
1680,9116,p2p,ARIN,RIPE,p2c
1764,8339,p2p,ARIN,RIPE,p2c
1836,6772,p2p,ARIN,RIPE,p2c
1836,15623,p2p,ARIN,RIPE,p2c
1836,43284,p2p,ARIN,RIPE,p2c
1853,6883,p2p,ARIN,RIPE,p2c
1916,16891,p2c,ARIN,ARIN,p2p
1916,52888,p2c,ARIN,LACNIC,p2p
1916,264427,p2c,ARIN,LACNIC,p2p
2119,39029,p2p,RIPE,RIPE,p2c
2495,7896,p2c,ARIN,ARIN,p2p
2497,2518,p2c,ARIN,ARIN,p2p
2497,4673,p2p,ARIN,APNIC,p2c
2497,4713,p2c,ARIN,APNIC,p2p
2497,23620,p2p,ARIN,APNIC,p2c
2510,10026,p2c,ARIN,APNIC,p2p
2516,2906,p2c,ARIN,ARIN,p2p
2516,3908,p2p,ARIN,ARIN,p2c
2516,7514,p2p,ARIN,APNIC,p2c
2516,7529,p2p,ARIN,APNIC,p2c
2516,17676,p2c,ARIN,APNIC,p2p
2516,17686,p2c,ARIN,APNIC,p2p
2516,32934,p2c,ARIN,ARIN,p2p
2602,26415,p2p,RIPE,ARIN,p2c
2603,3267,p2p,RIPE,RIPE,p2c
2603,21320,p2c,RIPE,RIPE,p2p
2603,59624,p2c,RIPE,RIPE,p2p
2603,198093,p2p,RIPE,RIPE ,p2c
2607,29405,p2p,RIPE,RIPE,p2c
2607,42841,p2p,RIPE,RIPE,p2c
2721,13548,p2p,ARIN,ARIN,p2c
2721,53257,p2p,ARIN,ARIN,p2c
2764,9667,p2c,ARIN,APNIC,p2p
2764,9749,p2p,ARIN,APNIC,p2c
2764,16477,p2c,ARIN,ARIN,p2p
2764,23681,p2p,ARIN,APNIC,p2c
2764,23731,p2p,ARIN,APNIC,p2c
2764,24118,p2p,ARIN,APNIC,p2c
2764,24130,p2p,ARIN,APNIC,p2c
2764,45780,p2p,ARIN,APNIC,p2c
2764,56079,p2p,ARIN,APNIC,p2c
2764,58505,p2c,ARIN,APNIC,p2p
2764,63956,p2p,ARIN,APNIC,p2c
2764,132852,p2c,ARIN,APNIC,p2p
2828,10026,p2c,ARIN,APNIC,p2p
2854,29450,p2c,RIPE,RIPE,p2p
2854,59452,p2c,RIPE,RIPE,p2p
2914,3292,p2c,ARIN,RIPE,p2p
2914,3462,p2p,ARIN,ARIN,p2c
2914,4134,p2p,ARIN,ARIN,p2c
2914,4837,p2p,ARIN,APNIC,p2c
2914,5580,p2c,ARIN,RIPE,p2p
2914,8676,p2c,ARIN,RIPE,p2p
2914,9269,p2p,ARIN,APNIC,p2c
2914,10026,p2p,ARIN,APNIC,p2c
2914,10480,p2c,ARIN,ARIN,p2p
2914,13237,p2p,ARIN,RIPE,p2c
2914,13285,p2c,ARIN,RIPE,p2p
2914,15830,p2p,ARIN,RIPE,p2c
2914,18149,p2c,ARIN,APNIC,p2p
2914,24077,p2c,ARIN,APNIC,p2p
2914,24482,p2p,ARIN,APNIC,p2c
2914,25180,p2p,ARIN,RIPE,p2c
2914,36622,p2c,ARIN,ARIN,p2p
2914,36623,p2c,ARIN,ARIN,p2p
2914,39386,p2c,ARIN,RIPE,p2p
2914,44217,p2p,ARIN,RIPE,p2c
3194,62368,p2c,RIPE,RIPE,p2p
3216,8732,p2c,RIPE,RIPE,p2p
3216,29076,p2p,RIPE,RIPE,p2c
3216,43132,p2p,RIPE,RIPE,p2c
3216,49558,p2c,RIPE,RIPE,p2p
3249,39211,p2p,RIPE,RIPE,p2c
3252,43668,p2p,RIPE,RIPE,p2c
3255,35320,p2c,RIPE,RIPE,p2p
3257,4837,p2p,RIPE,APNIC,p2c
3257,10026,p2c,RIPE,APNIC,p2p
3257,15412,p2c,RIPE,RIPE,p2p
3257,19257,p2c,RIPE,ARIN,p2p
3257,42927,p2c,RIPE,RIPE,p2p
3257,53850,p2p,RIPE,ARIN,p2c
3257,59253,p2p,RIPE,APNIC,p2c
3267,6672,p2p,RIPE,RIPE,p2c
3267,33904,p2c,RIPE,RIPE,p2p
3267,34707,p2c,RIPE,RIPE,p2p
3267,198384,p2c,RIPE,RIPE ,p2p
3269,56911,p2c,RIPE,RIPE,p2p
3292,41264,p2c,RIPE,RIPE,p2p
3301,28680,p2p,RIPE,RIPE,p2c
3301,43770,p2p,RIPE,RIPE,p2c
3301,201087,p2p,RIPE,RIPE ,p2c
3303,15600,p2p,RIPE,RIPE,p2c
3320,6507,p2c,RIPE,ARIN,p2p
3320,16276,p2p,RIPE,RIPE,p2c
3320,33891,p2p,RIPE,RIPE,p2c
3320,51114,p2c,RIPE,RIPE,p2p
3320,62955,p2p,RIPE,ARIN,p2c
3356,3491,p2c,ARIN,ARIN,p2p
3356,5078,p2p,ARIN,ARIN,p2c
3356,7332,p2p,ARIN,ARIN,p2c
3356,7385,p2c,ARIN,ARIN,p2p
3356,8075,p2p,ARIN,ARIN,p2c
3356,12033,p2c,ARIN,ARIN,p2p
3356,12741,p2p,ARIN,RIPE,p2c
3356,13285,p2p,ARIN,RIPE,p2c
3356,13414,p2c,ARIN,ARIN,p2p
3356,15805,p2c,ARIN,RIPE,p2p
3356,18703,p2c,ARIN,ARIN,p2p
3356,18943,p2p,ARIN,ARIN,p2c
3356,20115,p2c,ARIN,ARIN,p2p
3356,24724,p2c,ARIN,RIPE,p2p
3356,25818,p2p,ARIN,ARIN,p2c
3356,29838,p2p,ARIN,ARIN,p2c
3356,33522,p2c,ARIN,ARIN,p2p
3356,35916,p2p,ARIN,ARIN,p2c
3356,36624,p2c,ARIN,ARIN,p2p
3356,38001,p2c,ARIN,APNIC,p2p
3356,43620,p2p,ARIN,RIPE,p2c
3356,44217,p2p,ARIN,RIPE,p2c
3356,44901,p2p,ARIN,RIPE,p2c
3356,46435,p2p,ARIN,ARIN,p2c
3356,63474,p2c,ARIN,ARIN,p2p
3356,198545,p2c,ARIN,RIPE ,p2p
3450,11686,p2c,ARIN,ARIN,p2p
3450,14209,p2c,ARIN,ARIN,p2p
3450,46512,p2c,ARIN,ARIN,p2p
3491,4134,p2c,ARIN,ARIN,p2p
3491,4637,p2c,ARIN,APNIC,p2p
3491,4766,p2c,ARIN,APNIC,p2p
3491,4837,p2c,ARIN,APNIC,p2p
3491,5390,p2p,ARIN,RIPE,p2c
3491,6939,p2p,ARIN,ARIN,p2c
3491,7473,p2c,ARIN,APNIC,p2p
3491,8741,p2p,ARIN,RIPE,p2c
3491,9498,p2p,ARIN,APNIC,p2c
3491,10026,p2c,ARIN,APNIC,p2p
3491,20485,p2p,ARIN,RIPE,p2c
3491,23673,p2p,ARIN,APNIC,p2c
3491,24482,p2c,ARIN,APNIC,p2p
3491,31133,p2p,ARIN,RIPE,p2c
3491,57624,p2c,ARIN,RIPE,p2p
3491,58985,p2p,ARIN,APNIC,p2c
3491,62041,p2p,ARIN,RIPE,p2c
3491,134622,p2c,ARIN,APNIC,p2p
3527,6150,p2c,ARIN,ARIN,p2p
3549,6216,p2p,ARIN,ARIN,p2c
3549,9304,p2c,ARIN,APNIC,p2p
3549,11208,p2p,ARIN,ARIN,p2c
3549,15224,p2c,ARIN,ARIN,p2p
3549,15301,p2p,ARIN,ARIN,p2c
3549,16814,p2p,ARIN,ARIN,p2c
3549,16992,p2p,ARIN,ARIN,p2c
3549,17342,p2c,ARIN,ARIN,p2p
3549,18881,p2c,ARIN,ARIN,p2p
3549,20097,p2c,ARIN,ARIN,p2p
3549,22332,p2c,ARIN,ARIN,p2p
3549,23180,p2p,ARIN,ARIN,p2c
3549,25785,p2c,ARIN,ARIN,p2p
3549,25878,p2c,ARIN,ARIN,p2p
3549,27986,p2p,ARIN,LACNIC,p2c
3549,28166,p2c,ARIN,LACNIC,p2p
3549,28202,p2c,ARIN,LACNIC,p2p
3549,28368,p2c,ARIN,LACNIC,p2p
3549,33401,p2c,ARIN,ARIN,p2p
3549,36351,p2p,ARIN,ARIN,p2c
3549,36466,p2c,ARIN,ARIN,p2p
3549,50262,p2c,ARIN,RIPE,p2p
3549,199524,p2c,ARIN,RIPE ,p2p
3549,394629,p2p,ARIN,ARIN,p2c
3561,10397,p2p,ARIN,ARIN,p2c
3561,13989,p2p,ARIN,ARIN,p2c
3561,13993,p2p,ARIN,ARIN,p2c
3561,17548,p2c,ARIN,APNIC,p2p
3561,19667,p2c,ARIN,ARIN,p2p
3561,21642,p2c,ARIN,ARIN,p2p
3561,22951,p2c,ARIN,ARIN,p2p
3561,29911,p2p,ARIN,ARIN,p2c
3561,30682,p2p,ARIN,ARIN,p2c
3561,46680,p2p,ARIN,ARIN,p2c
3561,53362,p2p,ARIN,ARIN,p2c
3561,54538,p2c,ARIN,ARIN,p2p
3561,55048,p2p,ARIN,ARIN,p2c
3561,63151,p2p,ARIN,ARIN,p2c
3741,21345,p2c,ARIN,RIPE,p2p
3741,37105,p2c,ARIN,AFRINIC,p2p
3741,37179,p2p,ARIN,AFRINIC,p2c
3741,37271,p2c,ARIN,AFRINIC,p2p
3741,37515,p2p,ARIN,AFRINIC,p2c
3741,37662,p2p,ARIN,AFRINIC,p2c
3745,6355,p2p,ARIN,ARIN,p2c
3754,395549,p2c,ARIN,ARIN,p2p
4134,9318,p2c,ARIN,APNIC,p2p
4230,33182,p2p,ARIN,ARIN,p2c
4323,10381,p2c,ARIN,ARIN,p2p
4323,10397,p2c,ARIN,ARIN,p2p
4323,11222,p2c,ARIN,ARIN,p2p
4323,11276,p2c,ARIN,ARIN,p2p
4323,11330,p2p,ARIN,ARIN,p2c
4323,11437,p2c,ARIN,ARIN,p2p
4323,11833,p2c,ARIN,ARIN,p2p
4323,14010,p2c,ARIN,ARIN,p2p
4323,14352,p2c,ARIN,ARIN,p2p
4323,16538,p2p,ARIN,ARIN,p2c
4323,21686,p2p,ARIN,ARIN,p2c
4323,26049,p2p,ARIN,ARIN,p2c
4323,31808,p2c,ARIN,ARIN,p2p
4323,32325,p2p,ARIN,ARIN,p2c
4323,32532,p2p,ARIN,ARIN,p2c
4323,32692,p2c,ARIN,ARIN,p2p
4323,33511,p2p,ARIN,ARIN,p2c
4323,36694,p2c,ARIN,ARIN,p2p
4323,53746,p2c,ARIN,ARIN,p2p
4323,54053,p2c,ARIN,ARIN,p2p
4323,54408,p2p,ARIN,ARIN,p2c
4323,393510,p2p,ARIN,ARIN,p2c
4515,4760,p2p,ARIN,APNIC,p2c
4558,9129,p2c,ARIN,RIPE,p2p
4558,12556,p2c,ARIN,RIPE,p2p
4558,33771,p2c,ARIN,ARIN,p2p
4558,37109,p2c,ARIN,AFRINIC,p2p
4558,37684,p2c,ARIN,AFRINIC,p2p
4589,5607,p2p,ARIN,RIPE,p2c
4610,9790,p2c,APNIC,APNIC,p2p
4637,5769,p2c,APNIC,ARIN,p2p
4637,7385,p2c,APNIC,ARIN,p2p
4637,7575,p2p,APNIC,APNIC,p2c
4637,7713,p2c,APNIC,APNIC,p2p
4637,7922,p2c,APNIC,ARIN,p2p
4637,8220,p2c,APNIC,RIPE,p2p
4637,8708,p2c,APNIC,RIPE,p2p
4637,9009,p2c,APNIC,RIPE,p2p
4637,9304,p2c,APNIC,APNIC,p2p
4637,9505,p2c,APNIC,APNIC,p2p
4637,11164,p2c,APNIC,ARIN,p2p
4637,12989,p2c,APNIC,RIPE,p2p
4637,14061,p2p,APNIC,ARIN,p2c
4637,15412,p2c,APNIC,RIPE,p2p
4637,17511,p2p,APNIC,APNIC,p2c
4637,27822,p2p,APNIC,LACNIC,p2c
4637,30931,p2p,APNIC,RIPE,p2c
4637,35908,p2c,APNIC,ARIN,p2p
4637,40627,p2p,APNIC,ARIN,p2c
4637,41913,p2c,APNIC,RIPE,p2p
4637,43350,p2c,APNIC,RIPE,p2p
4651,45430,p2c,APNIC,APNIC,p2p
4652,24187,p2c,APNIC,APNIC,p2p
4652,45265,p2p,APNIC,APNIC,p2c
4657,7568,p2c,APNIC,APNIC,p2p
4657,10091,p2c,APNIC,APNIC,p2p
4657,20940,p2c,APNIC,RIPE,p2p
4657,25605,p2c,APNIC,ARIN,p2p
4657,32590,p2c,APNIC,ARIN,p2p
4657,199524,p2p,APNIC,RIPE ,p2c
4713,7516,p2c,APNIC,APNIC,p2p
4713,7529,p2p,APNIC,APNIC,p2c
4713,12701,p2p,APNIC,RIPE,p2c
4713,17088,p2p,APNIC,ARIN,p2c
4713,17676,p2p,APNIC,APNIC,p2c
4713,17940,p2c,APNIC,APNIC,p2p
4713,24277,p2c,APNIC,APNIC,p2p
4739,9290,p2c,APNIC,APNIC,p2p
4739,45665,p2c,APNIC,APNIC,p2p
4755,18101,p2p,APNIC,APNIC,p2c
4761,17922,p2c,APNIC,APNIC,p2p
4766,4809,p2c,APNIC,APNIC,p2p
4766,6619,p2c,APNIC,ARIN,p2p
4766,9505,p2p,APNIC,APNIC,p2c
4766,17676,p2p,APNIC,APNIC,p2c
4766,26496,p2p,APNIC,ARIN,p2c
4779,135025,p2c,APNIC,APNIC,p2p
4788,7473,p2c,APNIC,APNIC,p2p
4788,12849,p2c,APNIC,RIPE,p2p
4788,25577,p2c,APNIC,RIPE,p2p
4809,8222,p2p,APNIC,RIPE,p2c
4809,9925,p2p,APNIC,APNIC,p2c
4809,12850,p2c,APNIC,RIPE,p2p
4809,17444,p2p,APNIC,APNIC,p2c
4809,17990,p2p,APNIC,APNIC,p2c
4809,20940,p2c,APNIC,RIPE,p2p
4809,23724,p2p,APNIC,APNIC,p2c
4809,25933,p2c,APNIC,ARIN,p2p
4809,28329,p2c,APNIC,LACNIC,p2p
4809,58519,p2p,APNIC,APNIC,p2c
4809,58985,p2p,APNIC,APNIC,p2c
4809,59077,p2p,APNIC,APNIC,p2c
4809,62597,p2p,APNIC,ARIN,p2c
4809,132883,p2p,APNIC,APNIC,p2c
4809,133041,p2p,APNIC,APNIC,p2c
4809,133380,p2p,APNIC,APNIC,p2c
4809,134833,p2p,APNIC,APNIC,p2c
4826,7598,p2c,APNIC,APNIC,p2p
4826,7604,p2c,APNIC,APNIC,p2p
4826,9280,p2c,APNIC,APNIC,p2p
4826,9297,p2c,APNIC,APNIC,p2p
4826,9500,p2c,APNIC,APNIC,p2p
4826,9652,p2p,APNIC,APNIC,p2c
4826,9738,p2p,APNIC,APNIC,p2c
4826,9790,p2p,APNIC,APNIC,p2c
4826,10084,p2c,APNIC,APNIC,p2p
4826,38195,p2c,APNIC,APNIC,p2p
4826,38220,p2c,APNIC,APNIC,p2p
4826,38714,p2p,APNIC,APNIC,p2c
4826,38716,p2p,APNIC,APNIC,p2c
4826,38749,p2p,APNIC,APNIC,p2c
4826,38790,p2c,APNIC,APNIC,p2p
4826,38803,p2p,APNIC,APNIC,p2c
4826,40627,p2c,APNIC,ARIN,p2p
4826,45638,p2c,APNIC,APNIC,p2p
4826,58507,p2p,APNIC,APNIC,p2c
4826,132094,p2p,APNIC,APNIC,p2c
4826,132145,p2c,APNIC,APNIC,p2p
4826,132586,p2p,APNIC,APNIC,p2c
4826,133096,p2p,APNIC,APNIC,p2c
4826,133332,p2c,APNIC,APNIC,p2p
4826,135060,p2p,APNIC,APNIC,p2c
4826,135069,p2p,APNIC,APNIC,p2c
4826,135126,p2c,APNIC,APNIC,p2p
4837,63535,p2p,APNIC,APNIC,p2c
4837,63540,p2p,APNIC,APNIC,p2c
4901,10497,p2p,ARIN,ARIN,p2c
4901,11318,p2p,ARIN,ARIN,p2c
4901,32064,p2p,ARIN,ARIN,p2c
5050,14877,p2c,ARIN,ARIN,p2p
5056,26123,p2c,ARIN,ARIN,p2p
5056,40837,p2c,ARIN,ARIN,p2p
5056,63225,p2c,ARIN,ARIN,p2p
5089,6067,p2c,ARIN,ARIN,p2p
5089,8560,p2c,ARIN,RIPE,p2p
5089,42010,p2p,ARIN,RIPE,p2c
5392,6734,p2p,RIPE,RIPE,p2c
5394,20912,p2p,RIPE,RIPE,p2c
5483,8400,p2c,RIPE,RIPE,p2p
5483,51709,p2p,RIPE,RIPE,p2c
5511,6939,p2p,RIPE,ARIN,p2c
5526,52153,p2p,RIPE,RIPE,p2c
5550,8326,p2c,RIPE,RIPE,p2p
5563,44547,p2c,RIPE,RIPE,p2p
5580,22995,p2c,RIPE,ARIN,p2p
5580,26167,p2c,RIPE,ARIN,p2p
5580,40490,p2c,RIPE,ARIN,p2p
5580,54058,p2c,RIPE,ARIN,p2p
5580,54778,p2c,RIPE,ARIN,p2p
5580,63287,p2c,RIPE,ARIN,p2p
5580,197099,p2p,RIPE,RIPE ,p2c
5580,200425,p2c,RIPE,RIPE ,p2p
5588,25523,p2p,RIPE,RIPE,p2c
5588,30975,p2c,RIPE,RIPE,p2p
5588,31229,p2p,RIPE,RIPE,p2c
5588,41004,p2c,RIPE,RIPE,p2p
5588,41059,p2c,RIPE,RIPE,p2p
5588,50991,p2p,RIPE,RIPE,p2c
5588,197790,p2p,RIPE,RIPE ,p2c
5610,15380,p2c,RIPE,RIPE,p2p
5610,25512,p2c,RIPE,RIPE,p2p
5610,197376,p2c,RIPE,RIPE ,p2p
5610,198103,p2c,RIPE,RIPE ,p2p
5645,13657,p2c,ARIN,ARIN,p2p
5645,21570,p2p,ARIN,ARIN,p2c
5661,22471,p2c,ARIN,ARIN,p2p
5713,25818,p2p,ARIN,ARIN,p2c
5713,32653,p2c,ARIN,ARIN,p2p
5713,36994,p2c,ARIN,AFRINIC,p2p
5713,37353,p2c,ARIN,AFRINIC,p2p
6059,6189,p2c,ARIN,ARIN,p2p
6059,36413,p2c,ARIN,ARIN,p2p
6429,22860,p2c,ARIN,ARIN,p2p
6453,8447,p2p,ARIN,RIPE,p2c
6453,17676,p2c,ARIN,APNIC,p2p
6453,18106,p2c,ARIN,APNIC,p2p
6453,35625,p2p,ARIN,RIPE,p2c
6453,37558,p2p,ARIN,AFRINIC,p2c
6453,38861,p2c,ARIN,APNIC,p2p
6461,852,p2c,ARIN,ARIN,p2p
6461,6221,p2c,ARIN,ARIN,p2p
6461,7342,p2p,ARIN,ARIN,p2c
6461,7473,p2p,ARIN,APNIC,p2c
6461,8839,p2c,ARIN,RIPE,p2p
6461,25061,p2p,ARIN,RIPE,p2c
6505,27735,p2c,ARIN,LACNIC,p2p
6505,27962,p2c,ARIN,LACNIC,p2p
6509,8111,p2c,ARIN,ARIN,p2p
6509,10972,p2c,ARIN,ARIN,p2p
6509,21640,p2c,ARIN,ARIN,p2p
6509,26806,p2c,ARIN,ARIN,p2p
6509,394995,p2c,ARIN,ARIN,p2p
6663,8262,p2c,RIPE,RIPE,p2p
6663,12713,p2p,RIPE,RIPE,p2c
6663,15133,p2p,RIPE,ARIN,p2c
6663,34224,p2c,RIPE,RIPE,p2p
6663,35322,p2p,RIPE,RIPE,p2c
6663,57344,p2p,RIPE,RIPE,p2c
6697,50952,p2p,RIPE,RIPE,p2c
6762,8551,p2p,RIPE,RIPE,p2c
6762,12849,p2p,RIPE,RIPE,p2c
6762,15412,p2p,RIPE,RIPE,p2c
6762,28917,p2c,RIPE,RIPE,p2p
6762,38895,p2c,RIPE,APNIC,p2p
6762,49453,p2p,RIPE,RIPE,p2c
6768,43554,p2p,RIPE,RIPE,p2c
6768,59497,p2p,RIPE,RIPE,p2c
6774,197426,p2p,RIPE,RIPE ,p2c
6830,8302,p2p,RIPE,RIPE,p2c
6830,9009,p2c,RIPE,RIPE,p2p
6830,12654,p2p,RIPE,RIPE,p2c
6830,13064,p2p,RIPE,RIPE,p2c
6830,15435,p2p,RIPE,RIPE,p2c
6830,23520,p2p,RIPE,ARIN,p2c
6830,30914,p2p,RIPE,RIPE,p2c
6830,32590,p2p,RIPE,ARIN,p2c
6830,33419,p2p,RIPE,ARIN,p2c
6830,59649,p2p,RIPE,RIPE,p2c
6830,62177,p2p,RIPE,RIPE,p2c
6830,134390,p2p,RIPE,APNIC,p2c
6830,197540,p2p,RIPE,RIPE ,p2c
6849,200000,p2p,RIPE,RIPE ,p2c
6922,13359,p2c,ARIN,ARIN,p2p
6939,7595,p2c,ARIN,APNIC,p2p
6939,7850,p2c,ARIN,ARIN,p2p
6939,8271,p2c,ARIN,RIPE,p2p
6939,11714,p2p,ARIN,ARIN,p2c
6939,11986,p2c,ARIN,ARIN,p2p
6939,12615,p2c,ARIN,RIPE,p2p
6939,12931,p2p,ARIN,RIPE,p2c
6939,13409,p2c,ARIN,ARIN,p2p
6939,13489,p2p,ARIN,ARIN,p2c
6939,13807,p2c,ARIN,ARIN,p2p
6939,14103,p2p,ARIN,ARIN,p2c
6939,14585,p2p,ARIN,ARIN,p2c
6939,15024,p2p,ARIN,ARIN,p2c
6939,15320,p2p,ARIN,ARIN,p2c
6939,15704,p2c,ARIN,RIPE,p2p
6939,15962,p2p,ARIN,RIPE,p2c
6939,16417,p2p,ARIN,ARIN,p2c
6939,17014,p2p,ARIN,ARIN,p2c
6939,18106,p2p,ARIN,APNIC,p2c
6939,18450,p2p,ARIN,ARIN,p2c
6939,19233,p2p,ARIN,ARIN,p2c
6939,19740,p2c,ARIN,ARIN,p2p
6939,20365,p2c,ARIN,ARIN,p2p
6939,20412,p2c,ARIN,ARIN,p2p
6939,23148,p2c,ARIN,ARIN,p2p
6939,24218,p2p,ARIN,APNIC,p2c
6939,24534,p2p,ARIN,APNIC,p2c
6939,24785,p2p,ARIN,RIPE,p2c
6939,25133,p2p,ARIN,RIPE,p2c
6939,25460,p2c,ARIN,RIPE,p2p
6939,26347,p2p,ARIN,ARIN,p2c
6939,26744,p2c,ARIN,ARIN,p2p
6939,26785,p2c,ARIN,ARIN,p2p
6939,28773,p2p,ARIN,RIPE,p2c
6939,29134,p2c,ARIN,RIPE,p2p
6939,29512,p2c,ARIN,RIPE,p2p
6939,29802,p2p,ARIN,ARIN,p2c
6939,29974,p2p,ARIN,ARIN,p2c
6939,30132,p2p,ARIN,ARIN,p2c
6939,30261,p2p,ARIN,ARIN,p2c
6939,30600,p2p,ARIN,ARIN,p2c
6939,32334,p2p,ARIN,ARIN,p2c
6939,33920,p2p,ARIN,RIPE,p2c
6939,34594,p2p,ARIN,RIPE,p2c
6939,34764,p2c,ARIN,RIPE,p2p
6939,34867,p2p,ARIN,RIPE,p2c
6939,35213,p2p,ARIN,RIPE,p2c
6939,35297,p2p,ARIN,RIPE,p2c
6939,35574,p2p,ARIN,RIPE,p2c
6939,35575,p2c,ARIN,RIPE,p2p
6939,36445,p2p,ARIN,ARIN,p2c
6939,36518,p2p,ARIN,ARIN,p2c
6939,37105,p2c,ARIN,AFRINIC,p2p
6939,37273,p2p,ARIN,AFRINIC,p2c
6939,37680,p2p,ARIN,AFRINIC,p2c
6939,38277,p2p,ARIN,APNIC,p2c
6939,38861,p2p,ARIN,APNIC,p2c
6939,39386,p2p,ARIN,RIPE,p2c
6939,39444,p2p,ARIN,RIPE,p2c
6939,39583,p2c,ARIN,RIPE,p2p
6939,41952,p2c,ARIN,RIPE,p2p
6939,43727,p2p,ARIN,RIPE,p2c
6939,44654,p2p,ARIN,RIPE,p2c
6939,44901,p2p,ARIN,RIPE,p2c
6939,47408,p2p,ARIN,RIPE,p2c
6939,47872,p2c,ARIN,RIPE,p2p
6939,48971,p2c,ARIN,RIPE,p2p
6939,49360,p2p,ARIN,RIPE,p2c
6939,49931,p2c,ARIN,RIPE,p2p
6939,50581,p2p,ARIN,RIPE,p2c
6939,50837,p2p,ARIN,RIPE,p2c
6939,51395,p2p,ARIN,RIPE,p2c
6939,52320,p2c,ARIN,LACNIC,p2p
6939,53407,p2p,ARIN,ARIN,p2c
6939,54523,p2p,ARIN,ARIN,p2c
6939,55480,p2c,ARIN,APNIC,p2p
6939,55943,p2c,ARIN,APNIC,p2p
6939,56484,p2p,ARIN,RIPE,p2c
6939,56882,p2p,ARIN,RIPE,p2c
6939,57239,p2c,ARIN,RIPE,p2p
6939,58552,p2c,ARIN,APNIC,p2p
6939,58779,p2c,ARIN,APNIC,p2p
6939,58985,p2c,ARIN,APNIC,p2p
6939,61145,p2p,ARIN,RIPE,p2c
6939,62955,p2c,ARIN,ARIN,p2p
6939,63320,p2p,ARIN,ARIN,p2c
6939,64096,p2c,ARIN,APNIC,p2p
6939,132169,p2c,ARIN,APNIC,p2p
6939,133959,p2p,ARIN,APNIC,p2c
6939,197426,p2c,ARIN,RIPE ,p2p
6939,197669,p2p,ARIN,RIPE ,p2c
6939,198371,p2c,ARIN,RIPE ,p2p
6939,202222,p2c,ARIN,RIPE ,p2p
6939,262809,p2p,ARIN,LACNIC,p2c
6939,264424,p2p,ARIN,LACNIC,p2c
6939,393950,p2p,ARIN,ARIN,p2c
6939,394678,p2p,ARIN,ARIN,p2c
6939,395126,p2p,ARIN,ARIN,p2c
6939,395559,p2c,ARIN,ARIN,p2p
6939,395570,p2p,ARIN,ARIN,p2c
7018,7243,p2c,ARIN,ARIN,p2p
7018,12179,p2p,ARIN,ARIN,p2c
7018,15085,p2c,ARIN,ARIN,p2p
7018,15169,p2p,ARIN,ARIN,p2c
7018,16391,p2p,ARIN,ARIN,p2c
7018,25899,p2p,ARIN,ARIN,p2c
7018,27202,p2p,ARIN,ARIN,p2c
7018,54974,p2p,ARIN,ARIN,p2c
7018,63474,p2c,ARIN,ARIN,p2p
7086,54234,p2c,ARIN,ARIN,p2p
7106,25918,p2p,ARIN,ARIN,p2c
7212,26335,p2c,ARIN,ARIN,p2p
7342,36620,p2p,ARIN,ARIN,p2c
7342,36623,p2p,ARIN,ARIN,p2c
7473,15412,p2c,APNIC,RIPE,p2p
7473,17451,p2c,APNIC,APNIC,p2p
7473,58453,p2c,APNIC,APNIC,p2p
7473,199524,p2p,APNIC,RIPE ,p2c
7474,9426,p2p,APNIC,APNIC,p2c
7474,24033,p2p,APNIC,APNIC,p2c
7474,134178,p2p,APNIC,APNIC,p2c
7474,135098,p2p,APNIC,APNIC,p2c
7533,7649,p2c,APNIC,APNIC,p2p
7660,22388,p2p,APNIC,ARIN,p2c
7713,15133,p2p,APNIC,ARIN,p2c
7713,17451,p2c,APNIC,APNIC,p2p
7713,24482,p2p,APNIC,APNIC,p2c
7713,133828,p2p,APNIC,APNIC,p2c
7717,17974,p2c,APNIC,APNIC,p2p
7738,7843,p2p,ARIN,ARIN,p2c
7738,10310,p2p,ARIN,ARIN,p2c
7738,16509,p2p,ARIN,ARIN,p2c
7738,36351,p2p,ARIN,ARIN,p2c
7738,262589,p2p,ARIN,LACNIC,p2c
7922,11404,p2c,ARIN,ARIN,p2p
7922,17054,p2p,ARIN,ARIN,p2c
7922,33666,p2p,ARIN,ARIN,p2c
7922,395020,p2p,ARIN,ARIN,p2c
8001,54825,p2c,ARIN,ARIN,p2p
8193,202660,p2p,RIPE,RIPE ,p2c
8218,34288,p2p,RIPE,RIPE,p2c
8218,47866,p2p,RIPE,RIPE,p2c
8220,12540,p2c,RIPE,RIPE,p2p
8220,24679,p2p,RIPE,RIPE,p2c
8220,35028,p2c,RIPE,RIPE,p2p
8220,39373,p2c,RIPE,RIPE,p2p
8220,50039,p2p,RIPE,RIPE,p2c
8220,50343,p2p,RIPE,RIPE,p2c
8220,59862,p2c,RIPE,RIPE,p2p
8220,62363,p2p,RIPE,RIPE,p2c
8220,62955,p2c,RIPE,ARIN,p2p
8220,63199,p2p,RIPE,ARIN,p2c
8220,197426,p2c,RIPE,RIPE ,p2p
8262,57344,p2c,RIPE,RIPE,p2p
8262,60447,p2c,RIPE,RIPE,p2p
8308,58307,p2c,RIPE,RIPE,p2p
8323,12990,p2p,RIPE,RIPE,p2c
8359,16007,p2c,RIPE,RIPE,p2p
8359,25372,p2c,RIPE,RIPE,p2p
8359,29076,p2p,RIPE,RIPE,p2c
8359,49732,p2c,RIPE,RIPE,p2p
8374,41790,p2p,RIPE,RIPE,p2c
8400,58179,p2p,RIPE,RIPE,p2c
8455,34762,p2p,RIPE,RIPE,p2c
8468,41695,p2p,RIPE,RIPE,p2c
8468,44646,p2p,RIPE,RIPE,p2c
8470,43095,p2c,RIPE,RIPE,p2p
8473,39029,p2p,RIPE,RIPE,p2c
8492,44068,p2c,RIPE,RIPE,p2p
8492,203387,p2c,RIPE,RIPE ,p2p
8513,37148,p2c,RIPE,AFRINIC,p2p
8529,32590,p2p,RIPE,ARIN,p2c
8560,12843,p2p,RIPE,RIPE,p2c
8595,60642,p2c,RIPE,RIPE,p2p
8664,20555,p2p,RIPE,RIPE,p2c
8732,57629,p2p,RIPE,RIPE,p2c
8757,20773,p2p,RIPE,RIPE,p2c
8757,45352,p2c,RIPE,APNIC,p2p
8757,50056,p2p,RIPE,RIPE,p2c
8763,25152,p2p,RIPE,RIPE,p2c
8851,31270,p2p,RIPE,RIPE,p2c
8865,29414,p2c,RIPE,RIPE,p2p
8866,31522,p2c,RIPE,RIPE,p2p
8866,34224,p2c,RIPE,RIPE,p2p
8866,34376,p2c,RIPE,RIPE,p2p
8866,39601,p2c,RIPE,RIPE,p2p
8866,41799,p2c,RIPE,RIPE,p2p
8866,42625,p2c,RIPE,RIPE,p2p
8866,43732,p2p,RIPE,RIPE,p2c
8866,50506,p2c,RIPE,RIPE,p2p
8866,59742,p2c,RIPE,RIPE,p2p
8866,62037,p2c,RIPE,RIPE,p2p
8866,199301,p2c,RIPE,RIPE ,p2p
8881,25081,p2p,RIPE,RIPE,p2c
8903,57365,p2c,RIPE,RIPE,p2p
8928,9070,p2c,RIPE,RIPE,p2p
8928,20940,p2p,RIPE,RIPE,p2c
8928,44901,p2p,RIPE,RIPE,p2c
8928,60447,p2c,RIPE,RIPE,p2p
8932,13335,p2p,RIPE,ARIN,p2c
8968,15668,p2p,RIPE,RIPE,p2c
9002,12189,p2p,RIPE,ARIN,p2c
9002,12399,p2p,RIPE,RIPE,p2c
9002,15377,p2p,RIPE,RIPE,p2c
9002,15943,p2p,RIPE,RIPE,p2c
9002,21859,p2p,RIPE,ARIN,p2c
9002,29278,p2p,RIPE,RIPE,p2c
9002,29405,p2p,RIPE,RIPE,p2c
9002,29670,p2p,RIPE,RIPE,p2c
9002,31287,p2p,RIPE,RIPE,p2c
9002,31510,p2p,RIPE,RIPE,p2c
9002,42289,p2p,RIPE,RIPE,p2c
9002,43727,p2c,RIPE,RIPE,p2p
9002,48362,p2p,RIPE,RIPE,p2c
9002,49981,p2p,RIPE,RIPE,p2c
9002,50020,p2p,RIPE,RIPE,p2c
9002,59796,p2p,RIPE,RIPE,p2c
9002,60068,p2c,RIPE,RIPE,p2p
9002,197068,p2c,RIPE,RIPE ,p2p
9002,201701,p2p,RIPE,RIPE ,p2c
9044,29655,p2c,RIPE,RIPE,p2p
9049,29076,p2p,RIPE,RIPE,p2c
9070,44814,p2c,RIPE,RIPE,p2p
9112,20552,p2c,RIPE,RIPE,p2p
9121,25145,p2p,RIPE,RIPE,p2c
9125,34224,p2p,RIPE,RIPE,p2c
9143,28788,p2c,RIPE,RIPE,p2p
9186,31401,p2p,RIPE,RIPE,p2c
9186,204094,p2p,RIPE,RIPE ,p2c
9264,18422,p2p,APNIC,APNIC,p2c
9297,55419,p2c,APNIC,APNIC,p2p
9304,9318,p2c,APNIC,APNIC,p2p
9304,9658,p2c,APNIC,APNIC,p2p
9304,9732,p2c,APNIC,APNIC,p2p
9304,10030,p2c,APNIC,APNIC,p2p
9304,10098,p2c,APNIC,APNIC,p2p
9304,17666,p2c,APNIC,APNIC,p2p
9304,17924,p2c,APNIC,APNIC,p2p
9304,23749,p2c,APNIC,APNIC,p2p
9304,24218,p2c,APNIC,APNIC,p2p
9304,36944,p2c,APNIC,AFRINIC,p2p
9304,38040,p2c,APNIC,APNIC,p2p
9304,38478,p2c,APNIC,APNIC,p2p
9304,38603,p2c,APNIC,APNIC,p2p
9304,38726,p2c,APNIC,APNIC,p2p
9304,41095,p2p,APNIC,RIPE,p2c
9304,45102,p2c,APNIC,APNIC,p2p
9304,55480,p2c,APNIC,APNIC,p2p
9304,55720,p2p,APNIC,APNIC,p2c
9304,59214,p2c,APNIC,APNIC,p2p
9304,63916,p2c,APNIC,APNIC,p2p
9304,132252,p2c,APNIC,APNIC,p2p
9304,133793,p2p,APNIC,APNIC,p2c
9304,133929,p2p,APNIC,APNIC,p2c
9304,134672,p2c,APNIC,APNIC,p2p
9318,6648,p2c,APNIC,ARIN,p2p
9318,8075,p2c,APNIC,ARIN,p2p
9318,9286,p2c,APNIC,APNIC,p2p
9318,38107,p2c,APNIC,APNIC,p2p
9318,45396,p2c,APNIC,APNIC,p2p
9329,13335,p2p,APNIC,ARIN,p2c
9498,14061,p2p,APNIC,ARIN,p2c
9498,19551,p2p,APNIC,ARIN,p2c
9498,21859,p2p,APNIC,ARIN,p2c
9498,33480,p2c,APNIC,ARIN,p2p
9498,36351,p2c,APNIC,ARIN,p2p
9505,45430,p2c,APNIC,APNIC,p2p
9505,58453,p2c,APNIC,APNIC,p2p
9583,25605,p2p,APNIC,ARIN,p2c
9729,44654,p2p,APNIC,RIPE,p2c
9929,10099,p2c,APNIC,APNIC,p2p
10026,14413,p2c,APNIC,ARIN,p2p
10026,16509,p2p,APNIC,ARIN,p2c
10026,17676,p2p,APNIC,APNIC,p2c
10026,20940,p2c,APNIC,RIPE,p2p
10026,22363,p2c,APNIC,ARIN,p2p
10026,23944,p2c,APNIC,APNIC,p2p
10026,23947,p2p,APNIC,APNIC,p2c
10026,24228,p2p,APNIC,APNIC,p2c
10026,24319,p2c,APNIC,APNIC,p2p
10026,27822,p2p,APNIC,LACNIC,p2c
10026,31216,p2p,APNIC,RIPE,p2c
10026,36236,p2c,APNIC,ARIN,p2p
10026,36692,p2p,APNIC,ARIN,p2c
10026,38001,p2p,APNIC,APNIC,p2c
10026,38082,p2p,APNIC,APNIC,p2c
10026,45147,p2p,APNIC,APNIC,p2c
10026,45899,p2p,APNIC,APNIC,p2c
10026,54113,p2c,APNIC,ARIN,p2p
10026,55555,p2c,APNIC,APNIC,p2p
10026,63949,p2c,APNIC,APNIC,p2p
10026,199524,p2p,APNIC,RIPE ,p2c
10099,24482,p2c,APNIC,APNIC,p2p
10099,41095,p2c,APNIC,RIPE,p2p
10099,199524,p2p,APNIC,RIPE ,p2c
10103,17975,p2c,APNIC,APNIC,p2p
10201,45760,p2c,APNIC,APNIC,p2p
10201,55780,p2c,APNIC,APNIC,p2p
10201,64088,p2c,APNIC,APNIC,p2p
10201,133006,p2c,APNIC,APNIC,p2p
10201,133491,p2c,APNIC,APNIC,p2p
10201,135557,p2p,APNIC,APNIC,p2c
10278,11580,p2c,ARIN,ARIN,p2p
10278,22306,p2c,ARIN,ARIN,p2p
10302,40805,p2c,ARIN,ARIN,p2p
10429,18881,p2p,ARIN,ARIN,p2c
10429,26615,p2p,ARIN,ARIN,p2c
10474,36408,p2p,ARIN,ARIN,p2c
10533,10570,p2p,ARIN,ARIN,p2c
10778,52246,p2p,ARIN,LACNIC,p2c
11096,11686,p2p,ARIN,ARIN,p2c
11096,20080,p2c,ARIN,ARIN,p2p
11164,11537,p2c,ARIN,ARIN,p2p
11164,32440,p2p,ARIN,ARIN,p2c
11164,62600,p2c,ARIN,ARIN,p2p
11195,13649,p2c,ARIN,ARIN,p2p
11340,20191,p2p,ARIN,ARIN,p2c
11340,23140,p2p,ARIN,ARIN,p2c
11340,26610,p2p,ARIN,ARIN,p2c
11340,27897,p2p,ARIN,LACNIC,p2c
11404,19653,p2p,ARIN,ARIN,p2c
11537,17579,p2p,ARIN,APNIC,p2c
11537,17934,p2p,ARIN,APNIC,p2c
11537,23796,p2p,ARIN,APNIC,p2c
11537,23855,p2p,ARIN,APNIC,p2c
11537,23911,p2p,ARIN,APNIC,p2c
11537,27750,p2c,ARIN,LACNIC,p2p
11537,64247,p2p,ARIN,ARIN,p2c
11666,32881,p2p,ARIN,ARIN,p2c
11686,63165,p2p,ARIN,ARIN,p2c
11745,394961,p2c,ARIN,ARIN,p2p
12284,29844,p2p,ARIN,ARIN,p2c
12294,34118,p2c,RIPE,RIPE,p2p
12389,15774,p2c,RIPE,RIPE,p2p
12389,25227,p2p,RIPE,RIPE,p2c
12491,37012,p2p,RIPE,AFRINIC,p2c
12491,327814,p2c,RIPE,AFRINIC,p2p
12541,49635,p2p,RIPE,RIPE,p2c
12552,3301,p2c,RIPE,RIPE,p2p
12615,13124,p2c,RIPE,RIPE,p2p
12615,20911,p2c,RIPE,RIPE,p2p
12615,24750,p2c,RIPE,RIPE,p2p
12615,25211,p2c,RIPE,RIPE,p2p
12615,28909,p2c,RIPE,RIPE,p2p
12615,31287,p2c,RIPE,RIPE,p2p
12615,34376,p2c,RIPE,RIPE,p2p
12615,34569,p2c,RIPE,RIPE,p2p
12615,34577,p2c,RIPE,RIPE,p2p
12615,34772,p2c,RIPE,RIPE,p2p
12615,39505,p2c,RIPE,RIPE,p2p
12615,42555,p2c,RIPE,RIPE,p2p
12615,44814,p2c,RIPE,RIPE,p2p
12615,44901,p2c,RIPE,RIPE,p2p
12615,48452,p2c,RIPE,RIPE,p2p
12615,197216,p2c,RIPE,RIPE ,p2p
12713,17557,p2p,RIPE,APNIC,p2c
12731,58243,p2p,RIPE,RIPE,p2c
12741,39039,p2p,RIPE,RIPE,p2c
12741,41256,p2p,RIPE,RIPE,p2c
12741,41952,p2c,RIPE,RIPE,p2p
12741,49300,p2p,RIPE,RIPE,p2c
12741,49743,p2c,RIPE,RIPE,p2p
12741,50599,p2c,RIPE,RIPE,p2p
12741,57101,p2p,RIPE,RIPE,p2c
12741,59607,p2c,RIPE,RIPE,p2p
12741,198073,p2c,RIPE,RIPE ,p2p
12741,198232,p2c,RIPE,RIPE ,p2p
12741,199831,p2c,RIPE,RIPE ,p2p
12741,201323,p2p,RIPE,RIPE ,p2c
12831,43333,p2c,RIPE,RIPE,p2p
12883,62206,p2p,RIPE,RIPE,p2c
12956,7303,p2p,RIPE,ARIN,p2c
12956,28571,p2p,RIPE,LACNIC,p2c
12956,34224,p2c,RIPE,RIPE,p2p
12956,39396,p2c,RIPE,RIPE,p2p
12956,44444,p2p,RIPE,RIPE,p2c
12956,45727,p2c,RIPE,APNIC,p2p
12956,196925,p2c,RIPE,RIPE ,p2p
12956,263152,p2c,RIPE,LACNIC,p2p
12956,263945,p2p,RIPE,LACNIC,p2c
12989,30081,p2c,RIPE,ARIN,p2p
12989,52637,p2p,RIPE,LACNIC,p2c
12989,53070,p2c,RIPE,LACNIC,p2p
12997,51346,p2p,RIPE,RIPE,p2c
13009,31640,p2p,RIPE,RIPE,p2c
13030,15623,p2c,RIPE,RIPE,p2p
13030,20940,p2c,RIPE,RIPE,p2p
13030,29670,p2p,RIPE,RIPE,p2c
13030,39020,p2c,RIPE,RIPE,p2p
13030,46489,p2c,RIPE,ARIN,p2p
13094,42676,p2p,RIPE,RIPE,p2c
13094,50923,p2p,RIPE,RIPE,p2c
13101,20886,p2c,RIPE,RIPE,p2p
13237,28876,p2c,RIPE,RIPE,p2p
13237,51159,p2p,RIPE,RIPE,p2c
13237,51906,p2c,RIPE,RIPE,p2p
13249,24703,p2p,RIPE,RIPE,p2c
14085,33148,p2c,ARIN,ARIN,p2p
14282,264352,p2c,ARIN,LACNIC,p2p
14638,21559,p2c,ARIN,ARIN,p2p
14638,30440,p2c,ARIN,ARIN,p2p
14840,28670,p2p,ARIN,LACNIC,p2c
14840,52751,p2p,ARIN,LACNIC,p2c
14840,262311,p2p,ARIN,LACNIC,p2c
14840,262346,p2p,ARIN,LACNIC,p2c
14840,262435,p2p,ARIN,LACNIC,p2c
14840,262713,p2p,ARIN,LACNIC,p2c
15377,15497,p2p,RIPE,RIPE,p2c
15412,17685,p2p,RIPE,APNIC,p2c
15412,18106,p2c,RIPE,APNIC,p2p
15412,23779,p2c,RIPE,APNIC,p2p
15497,49505,p2p,RIPE,RIPE,p2c
15547,34781,p2p,RIPE,RIPE,p2c
15736,51192,p2c,RIPE,RIPE,p2p
15772,34224,p2p,RIPE,RIPE,p2c
15895,29107,p2p,RIPE,RIPE,p2c
16086,29093,p2p,RIPE,RIPE,p2c
16086,41808,p2p,RIPE,RIPE,p2c
16086,42885,p2p,RIPE,RIPE,p2c
16086,60616,p2p,RIPE,RIPE,p2c
16265,16637,p2c,RIPE,ARIN,p2p
16265,17557,p2c,RIPE,APNIC,p2p
16265,17660,p2c,RIPE,APNIC,p2p
16265,18001,p2c,RIPE,APNIC,p2p
16265,19551,p2c,RIPE,ARIN,p2p
16265,20278,p2c,RIPE,ARIN,p2p
16265,20712,p2c,RIPE,RIPE,p2p
16265,20799,p2c,RIPE,RIPE,p2p
16265,20804,p2c,RIPE,RIPE,p2p
16265,20940,p2c,RIPE,RIPE,p2p
16265,20952,p2c,RIPE,RIPE,p2p
16265,20984,p2c,RIPE,RIPE,p2p
16265,21396,p2c,RIPE,RIPE,p2p
16265,22822,p2c,RIPE,ARIN,p2p
16265,24594,p2c,RIPE,RIPE,p2p
16265,24806,p2c,RIPE,RIPE,p2p
16265,24916,p2c,RIPE,RIPE,p2p
16265,27822,p2c,RIPE,LACNIC,p2p
16265,29049,p2c,RIPE,RIPE,p2p
16265,29278,p2c,RIPE,RIPE,p2p
16265,29518,p2c,RIPE,RIPE,p2p
16265,29545,p2c,RIPE,RIPE,p2p
16265,29606,p2c,RIPE,RIPE,p2p
16265,29655,p2c,RIPE,RIPE,p2p
16265,30880,p2c,RIPE,RIPE,p2p
16265,31042,p2c,RIPE,RIPE,p2p
16265,31084,p2c,RIPE,RIPE,p2p
16265,31727,p2c,RIPE,RIPE,p2p
16265,33445,p2c,RIPE,ARIN,p2p
16265,33920,p2c,RIPE,RIPE,p2p
16265,34066,p2c,RIPE,RIPE,p2p
16265,34555,p2c,RIPE,RIPE,p2p
16265,34610,p2c,RIPE,RIPE,p2p
16265,35228,p2c,RIPE,RIPE,p2p
16265,36131,p2c,RIPE,ARIN,p2p
16265,36994,p2c,RIPE,AFRINIC,p2p
16265,37054,p2c,RIPE,AFRINIC,p2p
16265,37273,p2c,RIPE,AFRINIC,p2p
16265,37468,p2c,RIPE,AFRINIC,p2p
16265,38040,p2c,RIPE,APNIC,p2p
16265,39063,p2c,RIPE,RIPE,p2p
16265,39179,p2c,RIPE,RIPE,p2p
16265,39386,p2c,RIPE,RIPE,p2p
16265,39396,p2c,RIPE,RIPE,p2p
16265,41281,p2c,RIPE,RIPE,p2p
16265,42344,p2c,RIPE,RIPE,p2p
16265,42579,p2c,RIPE,RIPE,p2p
16265,42689,p2c,RIPE,RIPE,p2p
16265,44302,p2c,RIPE,RIPE,p2p
16265,44444,p2c,RIPE,RIPE,p2p
16265,44611,p2c,RIPE,RIPE,p2p
16265,45352,p2c,RIPE,APNIC,p2p
16265,47480,p2c,RIPE,RIPE,p2p
16265,47622,p2c,RIPE,RIPE,p2p
16265,50031,p2c,RIPE,RIPE,p2p
16265,50837,p2c,RIPE,RIPE,p2p
16265,51263,p2c,RIPE,RIPE,p2p
16265,56258,p2c,RIPE,APNIC,p2p
16265,56478,p2c,RIPE,RIPE,p2p
16265,57356,p2c,RIPE,RIPE,p2p
16265,57541,p2c,RIPE,RIPE,p2p
16265,57634,p2c,RIPE,RIPE,p2p
16265,59649,p2c,RIPE,RIPE,p2p
16265,59701,p2c,RIPE,RIPE,p2p
16265,60171,p2c,RIPE,RIPE,p2p
16265,60202,p2c,RIPE,RIPE,p2p
16265,60390,p2c,RIPE,RIPE,p2p
16265,61215,p2c,RIPE,RIPE,p2p
16265,61287,p2c,RIPE,RIPE,p2p
16265,62244,p2c,RIPE,RIPE,p2p
16265,62292,p2c,RIPE,RIPE,p2p
16265,196925,p2c,RIPE,RIPE ,p2p
16265,197669,p2c,RIPE,RIPE ,p2p
16265,198313,p2c,RIPE,RIPE ,p2p
16265,198738,p2c,RIPE,RIPE ,p2p
16265,200612,p2c,RIPE,RIPE ,p2p
16265,201146,p2c,RIPE,RIPE ,p2p
16265,202020,p2c,RIPE,RIPE ,p2p
16276,49964,p2c,RIPE,RIPE,p2p
16276,60610,p2c,RIPE,RIPE,p2p
16276,62217,p2c,RIPE,RIPE,p2p
16397,22085,p2p,ARIN,ARIN,p2c
16397,28613,p2p,ARIN,LACNIC,p2c
16735,20940,p2p,ARIN,RIPE,p2c
16735,22356,p2p,ARIN,ARIN,p2c
16735,28166,p2c,ARIN,LACNIC,p2p
16735,28338,p2p,ARIN,LACNIC,p2c
16735,28573,p2p,ARIN,LACNIC,p2c
16735,52863,p2c,ARIN,LACNIC,p2p
16735,262394,p2p,ARIN,LACNIC,p2c
17494,58682,p2p,APNIC,APNIC,p2c
17494,59361,p2p,APNIC,APNIC,p2c
17494,131247,p2p,APNIC,APNIC,p2c
17494,135524,p2p,APNIC,APNIC,p2c
17547,18106,p2p,APNIC,APNIC,p2c
17709,24155,p2p,APNIC,APNIC,p2c
17714,133424,p2c,APNIC,APNIC,p2p
17887,45667,p2p,APNIC,APNIC,p2c
17887,58913,p2p,APNIC,APNIC,p2c
18678,52280,p2p,ARIN,LACNIC,p2c
18881,22689,p2p,ARIN,ARIN,p2c
18881,28130,p2c,ARIN,LACNIC,p2p
18881,28327,p2c,ARIN,LACNIC,p2p
18881,28652,p2c,ARIN,LACNIC,p2p
18881,52669,p2c,ARIN,LACNIC,p2p
18881,262723,p2c,ARIN,LACNIC,p2p
18881,262847,p2p,ARIN,LACNIC,p2c
18881,262907,p2p,ARIN,LACNIC,p2c
18881,263394,p2c,ARIN,LACNIC,p2p
18881,263416,p2c,ARIN,LACNIC,p2p
18881,263558,p2c,ARIN,LACNIC,p2p
18881,265366,p2p,ARIN,LACNIC,p2c
18923,32777,p2c,ARIN,ARIN,p2p
19009,32666,p2c,ARIN,ARIN,p2p
19174,45474,p2p,ARIN,APNIC,p2c
19315,52427,p2c,ARIN,LACNIC,p2p
19551,40627,p2p,ARIN,ARIN,p2c
20002,52241,p2c,ARIN,LACNIC,p2p
20002,52366,p2c,ARIN,LACNIC,p2p
20406,262706,p2c,ARIN,LACNIC,p2p
20473,42353,p2p,ARIN,RIPE,p2c
20485,25227,p2c,RIPE,RIPE,p2p
20485,31133,p2p,RIPE,RIPE,p2c
20485,196691,p2c,RIPE,RIPE ,p2p
20516,41791,p2c,RIPE,RIPE,p2p
20562,20847,p2p,RIPE,RIPE,p2c
20562,20857,p2p,RIPE,RIPE,p2c
20562,20969,p2p,RIPE,RIPE,p2c
20562,21042,p2c,RIPE,RIPE,p2p
20562,21502,p2c,RIPE,RIPE,p2p
20562,24753,p2p,RIPE,RIPE,p2c
20562,25182,p2p,RIPE,RIPE,p2c
20562,25542,p2p,RIPE,RIPE,p2c
20562,28917,p2c,RIPE,RIPE,p2p
20562,29049,p2c,RIPE,RIPE,p2p
20562,29545,p2c,RIPE,RIPE,p2p
20562,30132,p2p,RIPE,ARIN,p2c
20562,31133,p2c,RIPE,RIPE,p2p
20562,33445,p2c,RIPE,ARIN,p2p
20562,35176,p2p,RIPE,RIPE,p2c
20562,39063,p2c,RIPE,RIPE,p2p
20562,39637,p2c,RIPE,RIPE,p2p
20562,42585,p2c,RIPE,RIPE,p2p
20562,42707,p2p,RIPE,RIPE,p2c
20562,43142,p2c,RIPE,RIPE,p2p
20562,43293,p2p,RIPE,RIPE,p2c
20562,44253,p2p,RIPE,RIPE,p2c
20562,44608,p2p,RIPE,RIPE,p2c
20562,47836,p2p,RIPE,RIPE,p2c
20562,49206,p2p,RIPE,RIPE,p2c
20562,50295,p2p,RIPE,RIPE,p2c
20562,50343,p2p,RIPE,RIPE,p2c
20562,50522,p2p,RIPE,RIPE,p2c
20562,50673,p2p,RIPE,RIPE,p2c
20562,50737,p2p,RIPE,RIPE,p2c
20562,57090,p2p,RIPE,RIPE,p2c
20562,57541,p2c,RIPE,RIPE,p2p
20562,57626,p2p,RIPE,RIPE,p2c
20562,57809,p2c,RIPE,RIPE,p2p
20562,58073,p2c,RIPE,RIPE,p2p
20562,58138,p2c,RIPE,RIPE,p2p
20562,58243,p2c,RIPE,RIPE,p2p
20562,58291,p2p,RIPE,RIPE,p2c
20562,60341,p2c,RIPE,RIPE,p2p
20562,61287,p2c,RIPE,RIPE,p2p
20562,196983,p2c,RIPE,RIPE ,p2p
20562,197038,p2p,RIPE,RIPE ,p2c
20562,197133,p2c,RIPE,RIPE ,p2p
20562,197156,p2p,RIPE,RIPE ,p2c
20562,197727,p2p,RIPE,RIPE ,p2c
20562,197902,p2p,RIPE,RIPE ,p2c
20562,197985,p2p,RIPE,RIPE ,p2c
20562,198738,p2c,RIPE,RIPE ,p2p
20562,200052,p2c,RIPE,RIPE ,p2p
20562,200130,p2p,RIPE,RIPE ,p2c
20562,201401,p2p,RIPE,RIPE ,p2c
20562,206894,p2c,RIPE,RIPE ,p2p
20764,21030,p2p,RIPE,RIPE,p2c
20764,33904,p2p,RIPE,RIPE,p2c
20764,34123,p2p,RIPE,RIPE,p2c
20764,44050,p2p,RIPE,RIPE,p2c
20764,47522,p2p,RIPE,RIPE,p2c
20764,47541,p2p,RIPE,RIPE,p2c
20764,48076,p2p,RIPE,RIPE,p2c
20764,49342,p2p,RIPE,RIPE,p2c
20764,56462,p2c,RIPE,RIPE,p2p
20764,56630,p2p,RIPE,RIPE,p2c
20764,57487,p2p,RIPE,RIPE,p2c
20764,62067,p2c,RIPE,RIPE,p2p
20804,25523,p2c,RIPE,RIPE,p2p
20804,41676,p2p,RIPE,RIPE,p2c
20804,50606,p2p,RIPE,RIPE,p2c
20804,59607,p2p,RIPE,RIPE,p2c
20804,60280,p2p,RIPE,RIPE,p2c
20804,197099,p2c,RIPE,RIPE ,p2p
20804,197227,p2p,RIPE,RIPE ,p2c
20804,198073,p2p,RIPE,RIPE ,p2c
20912,35131,p2c,RIPE,RIPE,p2p
20912,197835,p2p,RIPE,RIPE ,p2c
21299,39433,p2c,RIPE,RIPE,p2p
21299,60186,p2c,RIPE,RIPE,p2p
21299,200721,p2c,RIPE,RIPE ,p2p
21396,31655,p2p,RIPE,RIPE,p2c
21497,25372,p2p,RIPE,RIPE,p2c
21497,34867,p2p,RIPE,RIPE,p2c
21497,35213,p2p,RIPE,RIPE,p2c
21976,32450,p2c,ARIN,ARIN,p2p
22381,53070,p2p,ARIN,LACNIC,p2c
22645,31791,p2p,ARIN,ARIN,p2c
22773,5078,p2p,ARIN,ARIN,p2c
22773,26496,p2c,ARIN,ARIN,p2p
22773,29886,p2p,ARIN,ARIN,p2c
23033,62904,p2p,ARIN,ARIN,p2c
23106,52769,p2c,ARIN,LACNIC,p2p
23106,262428,p2c,ARIN,LACNIC,p2p
23106,262750,p2p,ARIN,LACNIC,p2c
23106,262785,p2c,ARIN,LACNIC,p2p
23498,62761,p2c,ARIN,ARIN,p2p
23899,38248,p2p,APNIC,APNIC,p2c
23911,24489,p2p,APNIC,APNIC,p2c
23947,38757,p2c,APNIC,APNIC,p2p
23953,56060,p2p,APNIC,APNIC,p2c
24130,24238,p2c,APNIC,APNIC,p2p
24186,56166,p2p,APNIC,APNIC,p2c
24247,29457,p2p,APNIC,RIPE,p2c
24247,133462,p2c,APNIC,APNIC,p2p
24482,29838,p2p,APNIC,ARIN,p2c
24482,30781,p2p,APNIC,RIPE,p2c
24482,34309,p2p,APNIC,RIPE,p2c
24482,39326,p2p,APNIC,RIPE,p2c
24482,42831,p2p,APNIC,RIPE,p2c
24482,43350,p2p,APNIC,RIPE,p2c
24482,44066,p2p,APNIC,RIPE,p2c
24482,44356,p2p,APNIC,RIPE,p2c
24482,45896,p2p,APNIC,APNIC,p2c
24482,49544,p2p,APNIC,RIPE,p2c
24482,63956,p2p,APNIC,APNIC,p2c
24482,135531,p2p,APNIC,APNIC,p2c
24489,197118,p2c,APNIC,RIPE ,p2p
24748,29314,p2p,RIPE,RIPE,p2c
24748,41966,p2p,RIPE,RIPE,p2c
24748,50599,p2c,RIPE,RIPE,p2p
24748,57723,p2c,RIPE,RIPE,p2p
24748,57811,p2p,RIPE,RIPE,p2c
24748,58307,p2c,RIPE,RIPE,p2p
24955,60095,p2p,RIPE,RIPE,p2c
25074,44946,p2c,RIPE,RIPE,p2p
25074,47717,p2c,RIPE,RIPE,p2p
25074,51906,p2c,RIPE,RIPE,p2p
25074,197593,p2c,RIPE,RIPE ,p2p
25227,30733,p2c,RIPE,RIPE,p2p
25227,51178,p2p,RIPE,RIPE,p2c
25227,199624,p2c,RIPE,RIPE ,p2p
25478,48858,p2c,RIPE,RIPE,p2p
25534,61185,p2c,RIPE,RIPE,p2p
25887,25969,p2c,ARIN,ARIN,p2p
25933,28250,p2p,ARIN,LACNIC,p2c
25975,32938,p2c,ARIN,ARIN,p2p
26592,264220,p2p,ARIN,LACNIC,p2c
26615,28368,p2c,ARIN,LACNIC,p2p
26615,28598,p2c,ARIN,LACNIC,p2p
26827,31877,p2c,ARIN,ARIN,p2p
27405,29917,p2p,ARIN,ARIN,p2c
27750,27807,p2p,LACNIC,LACNIC,p2c
27807,27890,p2c,LACNIC,LACNIC,p2p
27807,27891,p2c,LACNIC,LACNIC,p2p
27807,27892,p2c,LACNIC,LACNIC,p2p
27807,27893,p2c,LACNIC,LACNIC,p2p
27817,64322,p2p,LACNIC,APNIC,p2c
27947,28027,p2c,LACNIC,LACNIC,p2p
28131,262642,p2c,LACNIC,LACNIC,p2p
28245,53199,p2c,LACNIC,LACNIC,p2p
28257,264564,p2c,LACNIC,LACNIC,p2p
28263,262505,p2p,LACNIC,LACNIC,p2c
28270,263945,p2c,LACNIC,LACNIC,p2p
28287,264911,p2c,LACNIC,LACNIC,p2p
28329,52637,p2p,LACNIC,LACNIC,p2c
28329,52686,p2c,LACNIC,LACNIC,p2p
28329,52688,p2p,LACNIC,LACNIC,p2c
28329,52699,p2c,LACNIC,LACNIC,p2p
28329,52721,p2c,LACNIC,LACNIC,p2p
28329,52858,p2p,LACNIC,LACNIC,p2c
28329,52932,p2p,LACNIC,LACNIC,p2c
28329,53065,p2p,LACNIC,LACNIC,p2c
28329,53072,p2p,LACNIC,LACNIC,p2c
28329,53094,p2p,LACNIC,LACNIC,p2c
28329,53180,p2p,LACNIC,LACNIC,p2c
28329,53195,p2p,LACNIC,LACNIC,p2c
28329,53221,p2p,LACNIC,LACNIC,p2c
28329,61673,p2p,LACNIC,LACNIC,p2c
28329,262355,p2c,LACNIC,LACNIC,p2p
28329,262374,p2c,LACNIC,LACNIC,p2p
28329,262377,p2p,LACNIC,LACNIC,p2c
28329,262424,p2p,LACNIC,LACNIC,p2c
28329,262503,p2c,LACNIC,LACNIC,p2p
28329,262557,p2p,LACNIC,LACNIC,p2c
28329,262562,p2c,LACNIC,LACNIC,p2p
28329,262611,p2p,LACNIC,LACNIC,p2c
28329,262620,p2c,LACNIC,LACNIC,p2p
28329,262805,p2c,LACNIC,LACNIC,p2p
28329,262868,p2p,LACNIC,LACNIC,p2c
28329,262952,p2p,LACNIC,LACNIC,p2c
28329,262954,p2p,LACNIC,LACNIC,p2c
28329,262957,p2p,LACNIC,LACNIC,p2c
28329,263042,p2p,LACNIC,LACNIC,p2c
28329,263394,p2p,LACNIC,LACNIC,p2c
28329,263470,p2p,LACNIC,LACNIC,p2c
28329,263471,p2c,LACNIC,LACNIC,p2p
28329,263525,p2p,LACNIC,LACNIC,p2c
28329,263623,p2c,LACNIC,LACNIC,p2p
28329,263626,p2p,LACNIC,LACNIC,p2c
28329,263646,p2p,LACNIC,LACNIC,p2c
28329,263959,p2p,LACNIC,LACNIC,p2c
28329,264295,p2p,LACNIC,LACNIC,p2c
28329,264602,p2p,LACNIC,LACNIC,p2c
28329,264913,p2p,LACNIC,LACNIC,p2c
28329,265075,p2p,LACNIC,LACNIC,p2c
28329,265090,p2p,LACNIC,LACNIC,p2c
28329,265403,p2c,LACNIC,LACNIC,p2p
28329,265482,p2p,LACNIC,LACNIC,p2c
28338,265330,p2c,LACNIC,LACNIC,p2p
28340,52901,p2c,LACNIC,LACNIC,p2p
28347,28667,p2p,LACNIC,LACNIC,p2c
28347,262733,p2p,LACNIC,LACNIC,p2c
28368,263026,p2p,LACNIC,LACNIC,p2c
28576,262731,p2c,LACNIC,LACNIC,p2p
28876,44974,p2p,RIPE,RIPE,p2c
28917,31480,p2c,RIPE,RIPE,p2p
28917,39034,p2c,RIPE,RIPE,p2p
28917,41820,p2p,RIPE,RIPE,p2c
28917,62206,p2p,RIPE,RIPE,p2c
28968,197140,p2p,RIPE,RIPE ,p2c
28972,43070,p2c,RIPE,RIPE,p2p
29075,198385,p2p,RIPE,RIPE ,p2c
29076,34251,p2p,RIPE,RIPE,p2c
29076,48940,p2p,RIPE,RIPE,p2c
29076,199995,p2p,RIPE,RIPE ,p2c
29119,61337,p2c,RIPE,RIPE,p2p
29314,29649,p2p,RIPE,RIPE,p2c
29314,44061,p2c,RIPE,RIPE,p2p
29355,57950,p2c,RIPE,RIPE,p2p
29649,57488,p2p,RIPE,RIPE,p2c
29838,199790,p2p,ARIN,RIPE ,p2c
30844,32653,p2p,RIPE,ARIN,p2c
30844,36902,p2p,RIPE,AFRINIC,p2c
30844,36926,p2c,RIPE,AFRINIC,p2p
30844,36937,p2p,RIPE,AFRINIC,p2c
30844,37374,p2p,RIPE,AFRINIC,p2c
30844,327863,p2p,RIPE,AFRINIC,p2c
30844,327997,p2c,RIPE,AFRINIC,p2p
30844,328015,p2p,RIPE,AFRINIC,p2c
30910,43237,p2c,RIPE,RIPE,p2p
31025,31400,p2c,RIPE,RIPE,p2p
31025,34966,p2p,RIPE,RIPE,p2c
31025,201213,p2p,RIPE,RIPE ,p2c
31133,45204,p2p,RIPE,APNIC,p2c
31242,49528,p2c,RIPE,RIPE,p2p
31463,38040,p2c,RIPE,APNIC,p2p
31463,38182,p2p,RIPE,APNIC,p2c
31463,43323,p2p,RIPE,RIPE,p2c
31463,47264,p2c,RIPE,RIPE,p2p
31463,49344,p2c,RIPE,RIPE,p2p
31463,59701,p2p,RIPE,RIPE,p2c
31463,62240,p2p,RIPE,RIPE,p2c
31500,47441,p2p,RIPE,RIPE,p2c
31500,49505,p2c,RIPE,RIPE,p2p
31713,37146,p2c,RIPE,AFRINIC,p2p
31713,37294,p2c,RIPE,AFRINIC,p2p
31727,57653,p2c,RIPE,RIPE,p2p
32653,37628,p2c,ARIN,AFRINIC,p2p
32653,327908,p2p,ARIN,AFRINIC,p2c
33182,36236,p2p,ARIN,ARIN,p2c
33480,53813,p2c,ARIN,ARIN,p2p
33823,34201,p2p,RIPE,RIPE,p2c
33891,43350,p2p,RIPE,RIPE,p2c
33891,49981,p2p,RIPE,RIPE,p2c
33951,51373,p2c,RIPE,RIPE,p2p
34209,41790,p2c,RIPE,RIPE,p2p
34209,41952,p2p,RIPE,RIPE,p2c
34209,57101,p2c,RIPE,RIPE,p2p
34209,62421,p2c,RIPE,RIPE,p2p
34209,199060,p2p,RIPE,RIPE ,p2c
34224,34491,p2c,RIPE,RIPE,p2p
34270,60800,p2c,RIPE,RIPE,p2p
34397,43316,p2c,RIPE,RIPE,p2p
34397,43378,p2c,RIPE,RIPE,p2p
34397,48937,p2c,RIPE,RIPE,p2p
34397,60055,p2c,RIPE,RIPE,p2p
34397,206942,p2c,RIPE,RIPE ,p2p
35104,48007,p2c,RIPE,RIPE,p2p
35179,51863,p2c,RIPE,RIPE,p2p
35199,198014,p2p,RIPE,RIPE ,p2c
35297,35362,p2p,RIPE,RIPE,p2c
35297,42530,p2p,RIPE,RIPE,p2c
35297,49029,p2p,RIPE,RIPE,p2c
35320,50204,p2p,RIPE,RIPE,p2c
35434,201054,p2c,RIPE,RIPE ,p2p
36280,62943,p2p,ARIN,ARIN,p2c
36351,63949,p2c,ARIN,APNIC,p2p
37100,37276,p2p,AFRINIC,AFRINIC,p2c
37100,37353,p2p,AFRINIC,AFRINIC,p2c
37100,37542,p2p,AFRINIC,AFRINIC,p2c
37100,327733,p2p,AFRINIC,AFRINIC,p2c
37100,327812,p2p,AFRINIC,AFRINIC,p2c
37105,37474,p2c,AFRINIC,AFRINIC,p2p
37153,37474,p2c,AFRINIC,AFRINIC,p2p
37930,45265,p2p,APNIC,APNIC,p2c
37930,45667,p2c,APNIC,APNIC,p2p
37930,56309,p2p,APNIC,APNIC,p2c
37930,132280,p2c,APNIC,APNIC,p2p
38081,45667,p2p,APNIC,APNIC,p2c
38081,46071,p2c,APNIC,APNIC,p2p
38182,45352,p2c,APNIC,APNIC,p2p
38726,45543,p2p,APNIC,APNIC,p2c
38809,38858,p2c,APNIC,APNIC,p2p
38809,38894,p2c,APNIC,APNIC,p2p
38809,45577,p2c,APNIC,APNIC,p2p
38809,56123,p2c,APNIC,APNIC,p2p
38809,56163,p2c,APNIC,APNIC,p2p
38809,132405,p2c,APNIC,APNIC,p2p
38809,132789,p2c,APNIC,APNIC,p2p
38809,134067,p2c,APNIC,APNIC,p2p
38880,56106,p2p,APNIC,APNIC,p2c
38880,133159,p2c,APNIC,APNIC,p2p
38930,50570,p2p,RIPE,RIPE,p2c
39138,58243,p2c,RIPE,RIPE,p2p
39326,60610,p2c,RIPE,RIPE,p2p
39434,57227,p2c,RIPE,RIPE,p2p
39869,42832,p2c,RIPE,RIPE,p2p
41059,41313,p2p,RIPE,RIPE,p2c
41059,43561,p2p,RIPE,RIPE,p2c
41540,48440,p2p,RIPE,RIPE,p2c
41847,57262,p2p,RIPE,RIPE,p2c
42040,50823,p2c,RIPE,RIPE,p2p
42040,56444,p2c,RIPE,RIPE,p2p
42044,199330,p2p,RIPE,RIPE ,p2c
42541,59469,p2p,RIPE,RIPE,p2c
42689,48961,p2p,RIPE,RIPE,p2c
42927,49300,p2c,RIPE,RIPE,p2p
42927,198067,p2c,RIPE,RIPE ,p2p
43343,57235,p2c,RIPE,RIPE,p2p
43370,200593,p2p,RIPE,RIPE ,p2c
43531,44444,p2p,RIPE,RIPE,p2c
43531,44654,p2p,RIPE,RIPE,p2c
43531,45352,p2p,RIPE,APNIC,p2c
43531,45430,p2p,RIPE,APNIC,p2c
43531,47027,p2p,RIPE,ARIN,p2c
43531,47480,p2p,RIPE,RIPE,p2c
43531,47608,p2p,RIPE,RIPE,p2c
43531,47680,p2p,RIPE,RIPE,p2c
43531,49964,p2c,RIPE,RIPE,p2p
43531,50245,p2p,RIPE,RIPE,p2c
43531,50316,p2p,RIPE,RIPE,p2c
43531,50370,p2p,RIPE,RIPE,p2c
43531,51043,p2c,RIPE,RIPE,p2p
43531,53338,p2p,RIPE,ARIN,p2c
43531,53780,p2p,RIPE,ARIN,p2c
43531,54351,p2p,RIPE,ARIN,p2c
43531,54614,p2p,RIPE,ARIN,p2c
43531,55256,p2p,RIPE,ARIN,p2c
43531,56258,p2p,RIPE,APNIC,p2c
43531,56460,p2p,RIPE,RIPE,p2c
43531,56478,p2p,RIPE,RIPE,p2c
43531,57353,p2c,RIPE,RIPE,p2p
43531,57541,p2p,RIPE,RIPE,p2c
43531,57809,p2p,RIPE,RIPE,p2c
43531,59827,p2c,RIPE,RIPE,p2p
43531,59842,p2p,RIPE,RIPE,p2c
43531,60131,p2p,RIPE,RIPE,p2c
43531,60205,p2c,RIPE,RIPE,p2p
43531,60341,p2p,RIPE,RIPE,p2c
43531,62240,p2p,RIPE,RIPE,p2c
43531,62455,p2p,RIPE,RIPE,p2c
43531,62713,p2p,RIPE,ARIN,p2c
43531,63399,p2p,RIPE,ARIN,p2c
43531,63949,p2p,RIPE,APNIC,p2c
43531,132203,p2p,RIPE,APNIC,p2c
43531,196881,p2p,RIPE,RIPE ,p2c
43531,197898,p2c,RIPE,RIPE ,p2p
43531,198988,p2p,RIPE,RIPE ,p2c
43531,199422,p2p,RIPE,RIPE ,p2c
43531,199775,p2c,RIPE,RIPE ,p2p
43531,206894,p2p,RIPE,RIPE ,p2c
43531,393636,p2p,RIPE,ARIN,p2c
43994,59583,p2c,RIPE,RIPE,p2p
43994,200721,p2c,RIPE,RIPE ,p2p
44009,197972,p2c,RIPE,RIPE ,p2p
44217,47872,p2p,RIPE,RIPE,p2c
44530,51269,p2p,RIPE,RIPE,p2c
44530,59689,p2p,RIPE,RIPE,p2c
44530,60362,p2p,RIPE,RIPE,p2c
44530,200780,p2p,RIPE,RIPE ,p2c
44530,200995,p2p,RIPE,RIPE ,p2c
44611,200083,p2c,RIPE,RIPE ,p2p
45117,55428,p2p,APNIC,APNIC,p2c
45177,63956,p2c,APNIC,APNIC,p2p
45177,134359,p2p,APNIC,APNIC,p2c
45267,135344,p2c,APNIC,APNIC,p2p
45346,133953,p2c,APNIC,APNIC,p2p
45588,58601,p2p,APNIC,APNIC,p2c
45629,45758,p2p,APNIC,APNIC,p2c
45630,134088,p2c,APNIC,APNIC,p2p
45899,55313,p2c,APNIC,APNIC,p2p
45899,55329,p2c,APNIC,APNIC,p2p
45899,63742,p2p,APNIC,APNIC,p2c
45899,131415,p2p,APNIC,APNIC,p2c
45905,64074,p2c,APNIC,APNIC,p2p
45905,132622,p2c,APNIC,APNIC,p2p
45905,135071,p2c,APNIC,APNIC,p2p
45905,135115,p2c,APNIC,APNIC,p2p
45905,135676,p2c,APNIC,APNIC,p2p
47544,51155,p2c,RIPE,RIPE,p2p
47764,49063,p2c,RIPE,RIPE,p2p
47872,48057,p2p,RIPE,RIPE,p2c
48326,59477,p2p,RIPE,RIPE,p2c
48592,58201,p2c,RIPE,RIPE,p2p
48948,56940,p2c,RIPE,RIPE,p2p
49102,51399,p2c,RIPE,RIPE,p2p
49743,61078,p2c,RIPE,RIPE,p2p
50304,197595,p2p,RIPE,RIPE ,p2c
50481,198067,p2p,RIPE,RIPE ,p2c
50581,50643,p2p,RIPE,RIPE,p2c
50581,199995,p2p,RIPE,RIPE ,p2c
50591,57917,p2c,RIPE,RIPE,p2p
50591,203363,p2c,RIPE,RIPE ,p2p
50597,57324,p2c,RIPE,RIPE,p2p
50810,59441,p2p,RIPE,RIPE,p2c
50810,61250,p2p,RIPE,RIPE,p2c
50923,51028,p2c,RIPE,RIPE,p2p
50952,62206,p2p,RIPE,RIPE,p2c
51155,51976,p2c,RIPE,RIPE,p2p
51290,51310,p2c,RIPE,RIPE,p2p
51469,199633,p2c,RIPE,RIPE ,p2p
51828,59506,p2c,RIPE,RIPE,p2p
51828,59587,p2c,RIPE,RIPE,p2p
51828,59962,p2c,RIPE,RIPE,p2p
51828,60786,p2c,RIPE,RIPE,p2p
51945,59410,p2p,RIPE,RIPE,p2c
52294,52498,p2c,LACNIC,LACNIC,p2p
52294,263822,p2c,LACNIC,LACNIC,p2p
52324,262934,p2c,LACNIC,LACNIC,p2p
52360,263793,p2c,LACNIC,LACNIC,p2p
52360,264685,p2c,LACNIC,LACNIC,p2p
52370,52416,p2c,LACNIC,LACNIC,p2p
52370,52453,p2c,LACNIC,LACNIC,p2p
52374,264699,p2c,LACNIC,LACNIC,p2p
52375,52413,p2c,LACNIC,LACNIC,p2p
52375,52431,p2c,LACNIC,LACNIC,p2p
52375,263720,p2c,LACNIC,LACNIC,p2p
52375,264625,p2c,LACNIC,LACNIC,p2p
52403,52431,p2c,LACNIC,LACNIC,p2p
52403,52492,p2c,LACNIC,LACNIC,p2p
52404,61465,p2c,LACNIC,LACNIC,p2p
52404,262229,p2c,LACNIC,LACNIC,p2p
52470,263683,p2p,LACNIC,LACNIC,p2c
52508,264725,p2c,LACNIC,LACNIC,p2p
52509,264742,p2c,LACNIC,LACNIC,p2p
52720,52860,p2c,LACNIC,LACNIC,p2p
52720,52999,p2c,LACNIC,LACNIC,p2p
52720,53045,p2c,LACNIC,LACNIC,p2p
52863,53107,p2p,LACNIC,LACNIC,p2c
52863,263162,p2p,LACNIC,LACNIC,p2c
52863,264071,p2p,LACNIC,LACNIC,p2c
52863,264268,p2p,LACNIC,LACNIC,p2c
52941,264170,p2p,LACNIC,LACNIC,p2c
53013,53086,p2p,LACNIC,LACNIC,p2c
53013,53130,p2p,LACNIC,LACNIC,p2c
53013,53169,p2p,LACNIC,LACNIC,p2c
53013,262612,p2p,LACNIC,LACNIC,p2c
53013,263154,p2p,LACNIC,LACNIC,p2c
53013,263269,p2p,LACNIC,LACNIC,p2c
53013,264144,p2c,LACNIC,LACNIC,p2p
53013,264244,p2p,LACNIC,LACNIC,p2c
53013,264415,p2p,LACNIC,LACNIC,p2c
53013,264492,p2p,LACNIC,LACNIC,p2c
53237,61689,p2p,LACNIC,LACNIC,p2c
55309,131351,p2c,APNIC,APNIC,p2p
56949,199715,p2p,RIPE,RIPE ,p2c
57543,61129,p2c,RIPE,RIPE,p2p
58601,59365,p2p,APNIC,APNIC,p2c
59587,59654,p2p,RIPE,RIPE,p2c
61400,196678,p2p,RIPE,RIPE ,p2c
61441,263757,p2c,LACNIC,LACNIC,p2p
61441,263782,p2c,LACNIC,LACNIC,p2p
61468,262212,p2p,LACNIC,LACNIC,p2c
61495,263756,p2c,LACNIC,LACNIC,p2p
61495,263790,p2c,LACNIC,LACNIC,p2p
61504,263756,p2c,LACNIC,LACNIC,p2p
63516,132649,p2p,APNIC,APNIC,p2c
63516,134622,p2p,APNIC,APNIC,p2c
63956,133525,p2c,APNIC,APNIC,p2p
131418,131435,p2p,APNIC,APNIC,p2c
131447,133751,p2c,APNIC,APNIC,p2p
200721,202593,p2c,RIPE,RIPE ,p2p
262249,264798,p2c,LACNIC,LACNIC,p2p
262485,264162,p2c,LACNIC,LACNIC,p2p
262505,262986,p2c,LACNIC,LACNIC,p2p
262589,265054,p2p,LACNIC,LACNIC,p2c
262699,263651,p2c,LACNIC,LACNIC,p2p
263686,264773,p2c,LACNIC,LACNIC,p2p
